{
  "ContentRoots": [
    "/app/wwwroot/",
    "/app/obj/Debug/net9.0/compressed/"
  ],
  "Root": {
    "Children": {
      "index.html": {
        "Children": null,
        "Asset": {
          "ContentRootIndex": 0,
          "SubPath": "index.html"
        },
        "Patterns": null
      },
      "index.html.gz": {
        "Children": null,
        "Asset": {
          "ContentRootIndex": 1,
          "SubPath": "glqryr1nqa-h9qle3ukjb.gz"
        },
        "Patterns": null
      }
    },
    "Asset": null,
    "Patterns": [
      {
        "ContentRootIndex": 0,
        "Pattern": "**",
        "Depth": 0
      }
    ]
  }
}