{
  "Version": 1,
  "ManifestType": "Build",
  "Endpoints": [
    {
      "Route": "index.html",
      "AssetFile": "index.html.gz",
      "Selectors": [
        {
          "Name": "Content-Encoding",
          "Value": "gzip",
          "Quality": "0.000521376434"
        }
      ],
      "ResponseHeaders": [
        {
          "Name": "Accept-Ranges",
          "Value": "bytes"
        },
        {
          "Name": "Cache-Control",
          "Value": "no-cache"
        },
        {
          "Name": "Content-Encoding",
          "Value": "gzip"
        },
        {
          "Name": "Content-Length",
          "Value": "1917"
        },
        {
          "Name": "Content-Type",
          "Value": "text/html"
        },
        {
          "Name": "ETag",
          "Value": "\"hFQ/Lx9X7oehljCAT8UwOT1ViEyoe43GepDdS7zRo6I=\""
        },
        {
          "Name": "ETag",
          "Value": "W/\"wH7h6Le3QZjqzDXrN3V+p1WIqKbbzXKS53ydZBB97ic=\""
        },
        {
          "Name": "Last-Modified",
          "Value": "Mon, 28 Apr 2025 23:19:23 GMT"
        },
        {
          "Name": "Vary",
          "Value": "Content-Encoding"
        }
      ],
      "EndpointProperties": [
        {
          "Name": "integrity",
          "Value": "sha256-wH7h6Le3QZjqzDXrN3V+p1WIqKbbzXKS53ydZBB97ic="
        }
      ]
    },
    {
      "Route": "index.html",
      "AssetFile": "index.html",
      "Selectors": [],
      "ResponseHeaders": [
        {
          "Name": "Accept-Ranges",
          "Value": "bytes"
        },
        {
          "Name": "Cache-Control",
          "Value": "no-cache"
        },
        {
          "Name": "Content-Length",
          "Value": "6128"
        },
        {
          "Name": "Content-Type",
          "Value": "text/html"
        },
        {
          "Name": "ETag",
          "Value": "\"wH7h6Le3QZjqzDXrN3V+p1WIqKbbzXKS53ydZBB97ic=\""
        },
        {
          "Name": "Last-Modified",
          "Value": "Mon, 28 Apr 2025 23:19:23 GMT"
        }
      ],
      "EndpointProperties": [
        {
          "Name": "integrity",
          "Value": "sha256-wH7h6Le3QZjqzDXrN3V+p1WIqKbbzXKS53ydZBB97ic="
        }
      ]
    },
    {
      "Route": "index.html.gz",
      "AssetFile": "index.html.gz",
      "Selectors": [],
      "ResponseHeaders": [
        {
          "Name": "Accept-Ranges",
          "Value": "bytes"
        },
        {
          "Name": "Cache-Control",
          "Value": "no-cache"
        },
        {
          "Name": "Content-Encoding",
          "Value": "gzip"
        },
        {
          "Name": "Content-Length",
          "Value": "1917"
        },
        {
          "Name": "Content-Type",
          "Value": "text/html"
        },
        {
          "Name": "ETag",
          "Value": "\"hFQ/Lx9X7oehljCAT8UwOT1ViEyoe43GepDdS7zRo6I=\""
        },
        {
          "Name": "Last-Modified",
          "Value": "Mon, 28 Apr 2025 23:19:23 GMT"
        },
        {
          "Name": "Vary",
          "Value": "Content-Encoding"
        }
      ],
      "EndpointProperties": [
        {
          "Name": "integrity",
          "Value": "sha256-hFQ/Lx9X7oehljCAT8UwOT1ViEyoe43GepDdS7zRo6I="
        }
      ]
    },
    {
      "Route": "index.wsnjyk5cat.html",
      "AssetFile": "index.html.gz",
      "Selectors": [
        {
          "Name": "Content-Encoding",
          "Value": "gzip",
          "Quality": "0.000521376434"
        }
      ],
      "ResponseHeaders": [
        {
          "Name": "Accept-Ranges",
          "Value": "bytes"
        },
        {
          "Name": "Cache-Control",
          "Value": "max-age=31536000, immutable"
        },
        {
          "Name": "Content-Encoding",
          "Value": "gzip"
        },
        {
          "Name": "Content-Length",
          "Value": "1917"
        },
        {
          "Name": "Content-Type",
          "Value": "text/html"
        },
        {
          "Name": "ETag",
          "Value": "\"hFQ/Lx9X7oehljCAT8UwOT1ViEyoe43GepDdS7zRo6I=\""
        },
        {
          "Name": "ETag",
          "Value": "W/\"wH7h6Le3QZjqzDXrN3V+p1WIqKbbzXKS53ydZBB97ic=\""
        },
        {
          "Name": "Last-Modified",
          "Value": "Mon, 28 Apr 2025 23:19:23 GMT"
        },
        {
          "Name": "Vary",
          "Value": "Content-Encoding"
        }
      ],
      "EndpointProperties": [
        {
          "Name": "fingerprint",
          "Value": "wsnjyk5cat"
        },
        {
          "Name": "integrity",
          "Value": "sha256-wH7h6Le3QZjqzDXrN3V+p1WIqKbbzXKS53ydZBB97ic="
        },
        {
          "Name": "label",
          "Value": "index.html"
        }
      ]
    },
    {
      "Route": "index.wsnjyk5cat.html",
      "AssetFile": "index.html",
      "Selectors": [],
      "ResponseHeaders": [
        {
          "Name": "Accept-Ranges",
          "Value": "bytes"
        },
        {
          "Name": "Cache-Control",
          "Value": "max-age=31536000, immutable"
        },
        {
          "Name": "Content-Length",
          "Value": "6128"
        },
        {
          "Name": "Content-Type",
          "Value": "text/html"
        },
        {
          "Name": "ETag",
          "Value": "\"wH7h6Le3QZjqzDXrN3V+p1WIqKbbzXKS53ydZBB97ic=\""
        },
        {
          "Name": "Last-Modified",
          "Value": "Mon, 28 Apr 2025 23:19:23 GMT"
        }
      ],
      "EndpointProperties": [
        {
          "Name": "fingerprint",
          "Value": "wsnjyk5cat"
        },
        {
          "Name": "integrity",
          "Value": "sha256-wH7h6Le3QZjqzDXrN3V+p1WIqKbbzXKS53ydZBB97ic="
        },
        {
          "Name": "label",
          "Value": "index.html"
        }
      ]
    },
    {
      "Route": "index.wsnjyk5cat.html.gz",
      "AssetFile": "index.html.gz",
      "Selectors": [],
      "ResponseHeaders": [
        {
          "Name": "Accept-Ranges",
          "Value": "bytes"
        },
        {
          "Name": "Cache-Control",
          "Value": "max-age=31536000, immutable"
        },
        {
          "Name": "Content-Encoding",
          "Value": "gzip"
        },
        {
          "Name": "Content-Length",
          "Value": "1917"
        },
        {
          "Name": "Content-Type",
          "Value": "text/html"
        },
        {
          "Name": "ETag",
          "Value": "\"hFQ/Lx9X7oehljCAT8UwOT1ViEyoe43GepDdS7zRo6I=\""
        },
        {
          "Name": "Last-Modified",
          "Value": "Mon, 28 Apr 2025 23:19:23 GMT"
        },
        {
          "Name": "Vary",
          "Value": "Content-Encoding"
        }
      ],
      "EndpointProperties": [
        {
          "Name": "fingerprint",
          "Value": "wsnjyk5cat"
        },
        {
          "Name": "integrity",
          "Value": "sha256-hFQ/Lx9X7oehljCAT8UwOT1ViEyoe43GepDdS7zRo6I="
        },
        {
          "Name": "label",
          "Value": "index.html.gz"
        }
      ]
    },
    {
      "Route": "test.ffpa239hqx.html",
      "AssetFile": "test.html.gz",
      "Selectors": [
        {
          "Name": "Content-Encoding",
          "Value": "gzip",
          "Quality": "0.001160092807"
        }
      ],
      "ResponseHeaders": [
        {
          "Name": "Accept-Ranges",
          "Value": "bytes"
        },
        {
          "Name": "Cache-Control",
          "Value": "max-age=31536000, immutable"
        },
        {
          "Name": "Content-Encoding",
          "Value": "gzip"
        },
        {
          "Name": "Content-Length",
          "Value": "861"
        },
        {
          "Name": "Content-Type",
          "Value": "text/html"
        },
        {
          "Name": "ETag",
          "Value": "\"vtHsntFR5ACCsFIU5idPPnZK5A9yoduv0Ph1hHrDr9M=\""
        },
        {
          "Name": "ETag",
          "Value": "W/\"O50i8eD2L6YRf4x9G5h1uAx/2t6xJmuYEuNDVsK1BZo=\""
        },
        {
          "Name": "Last-Modified",
          "Value": "Sun, 27 Apr 2025 21:15:29 GMT"
        },
        {
          "Name": "Vary",
          "Value": "Content-Encoding"
        }
      ],
      "EndpointProperties": [
        {
          "Name": "fingerprint",
          "Value": "ffpa239hqx"
        },
        {
          "Name": "integrity",
          "Value": "sha256-O50i8eD2L6YRf4x9G5h1uAx/2t6xJmuYEuNDVsK1BZo="
        },
        {
          "Name": "label",
          "Value": "test.html"
        }
      ]
    },
    {
      "Route": "test.ffpa239hqx.html",
      "AssetFile": "test.html",
      "Selectors": [],
      "ResponseHeaders": [
        {
          "Name": "Accept-Ranges",
          "Value": "bytes"
        },
        {
          "Name": "Cache-Control",
          "Value": "max-age=31536000, immutable"
        },
        {
          "Name": "Content-Length",
          "Value": "2061"
        },
        {
          "Name": "Content-Type",
          "Value": "text/html"
        },
        {
          "Name": "ETag",
          "Value": "\"O50i8eD2L6YRf4x9G5h1uAx/2t6xJmuYEuNDVsK1BZo=\""
        },
        {
          "Name": "Last-Modified",
          "Value": "Sun, 27 Apr 2025 21:15:29 GMT"
        }
      ],
      "EndpointProperties": [
        {
          "Name": "fingerprint",
          "Value": "ffpa239hqx"
        },
        {
          "Name": "integrity",
          "Value": "sha256-O50i8eD2L6YRf4x9G5h1uAx/2t6xJmuYEuNDVsK1BZo="
        },
        {
          "Name": "label",
          "Value": "test.html"
        }
      ]
    },
    {
      "Route": "test.ffpa239hqx.html.gz",
      "AssetFile": "test.html.gz",
      "Selectors": [],
      "ResponseHeaders": [
        {
          "Name": "Accept-Ranges",
          "Value": "bytes"
        },
        {
          "Name": "Cache-Control",
          "Value": "max-age=31536000, immutable"
        },
        {
          "Name": "Content-Encoding",
          "Value": "gzip"
        },
        {
          "Name": "Content-Length",
          "Value": "861"
        },
        {
          "Name": "Content-Type",
          "Value": "text/html"
        },
        {
          "Name": "ETag",
          "Value": "\"vtHsntFR5ACCsFIU5idPPnZK5A9yoduv0Ph1hHrDr9M=\""
        },
        {
          "Name": "Last-Modified",
          "Value": "Sun, 27 Apr 2025 21:15:29 GMT"
        },
        {
          "Name": "Vary",
          "Value": "Content-Encoding"
        }
      ],
      "EndpointProperties": [
        {
          "Name": "fingerprint",
          "Value": "ffpa239hqx"
        },
        {
          "Name": "integrity",
          "Value": "sha256-vtHsntFR5ACCsFIU5idPPnZK5A9yoduv0Ph1hHrDr9M="
        },
        {
          "Name": "label",
          "Value": "test.html.gz"
        }
      ]
    },
    {
      "Route": "test.html",
      "AssetFile": "test.html.gz",
      "Selectors": [
        {
          "Name": "Content-Encoding",
          "Value": "gzip",
          "Quality": "0.001160092807"
        }
      ],
      "ResponseHeaders": [
        {
          "Name": "Accept-Ranges",
          "Value": "bytes"
        },
        {
          "Name": "Cache-Control",
          "Value": "no-cache"
        },
        {
          "Name": "Content-Encoding",
          "Value": "gzip"
        },
        {
          "Name": "Content-Length",
          "Value": "861"
        },
        {
          "Name": "Content-Type",
          "Value": "text/html"
        },
        {
          "Name": "ETag",
          "Value": "\"vtHsntFR5ACCsFIU5idPPnZK5A9yoduv0Ph1hHrDr9M=\""
        },
        {
          "Name": "ETag",
          "Value": "W/\"O50i8eD2L6YRf4x9G5h1uAx/2t6xJmuYEuNDVsK1BZo=\""
        },
        {
          "Name": "Last-Modified",
          "Value": "Sun, 27 Apr 2025 21:15:29 GMT"
        },
        {
          "Name": "Vary",
          "Value": "Content-Encoding"
        }
      ],
      "EndpointProperties": [
        {
          "Name": "integrity",
          "Value": "sha256-O50i8eD2L6YRf4x9G5h1uAx/2t6xJmuYEuNDVsK1BZo="
        }
      ]
    },
    {
      "Route": "test.html",
      "AssetFile": "test.html",
      "Selectors": [],
      "ResponseHeaders": [
        {
          "Name": "Accept-Ranges",
          "Value": "bytes"
        },
        {
          "Name": "Cache-Control",
          "Value": "no-cache"
        },
        {
          "Name": "Content-Length",
          "Value": "2061"
        },
        {
          "Name": "Content-Type",
          "Value": "text/html"
        },
        {
          "Name": "ETag",
          "Value": "\"O50i8eD2L6YRf4x9G5h1uAx/2t6xJmuYEuNDVsK1BZo=\""
        },
        {
          "Name": "Last-Modified",
          "Value": "Sun, 27 Apr 2025 21:15:29 GMT"
        }
      ],
      "EndpointProperties": [
        {
          "Name": "integrity",
          "Value": "sha256-O50i8eD2L6YRf4x9G5h1uAx/2t6xJmuYEuNDVsK1BZo="
        }
      ]
    },
    {
      "Route": "test.html.gz",
      "AssetFile": "test.html.gz",
      "Selectors": [],
      "ResponseHeaders": [
        {
          "Name": "Accept-Ranges",
          "Value": "bytes"
        },
        {
          "Name": "Cache-Control",
          "Value": "no-cache"
        },
        {
          "Name": "Content-Encoding",
          "Value": "gzip"
        },
        {
          "Name": "Content-Length",
          "Value": "861"
        },
        {
          "Name": "Content-Type",
          "Value": "text/html"
        },
        {
          "Name": "ETag",
          "Value": "\"vtHsntFR5ACCsFIU5idPPnZK5A9yoduv0Ph1hHrDr9M=\""
        },
        {
          "Name": "Last-Modified",
          "Value": "Sun, 27 Apr 2025 21:15:29 GMT"
        },
        {
          "Name": "Vary",
          "Value": "Content-Encoding"
        }
      ],
      "EndpointProperties": [
        {
          "Name": "integrity",
          "Value": "sha256-vtHsntFR5ACCsFIU5idPPnZK5A9yoduv0Ph1hHrDr9M="
        }
      ]
    }
  ]
}