{"ContentRoots":["C:\\Users\\issis\\source\\repos\\pull-request-automated-notifications\\NotificationsService\\NotificationsService\\wwwroot\\","C:\\Users\\issis\\source\\repos\\pull-request-automated-notifications\\NotificationsService\\NotificationsService\\obj\\Debug\\net9.0\\compressed\\"],"Root":{"Children":{"index.html":{"Children":null,"Asset":{"ContentRootIndex":0,"SubPath":"index.html"},"Patterns":null},"test.html":{"Children":null,"Asset":{"ContentRootIndex":0,"SubPath":"test.html"},"Patterns":null},"index.html.gz":{"Children":null,"Asset":{"ContentRootIndex":1,"SubPath":"glqryr1nqa-wsnjyk5cat.gz"},"Patterns":null},"test.html.gz":{"Children":null,"Asset":{"ContentRootIndex":1,"SubPath":"yrtqtea3lf-ffpa239hqx.gz"},"Patterns":null}},"Asset":null,"Patterns":[{"ContentRootIndex":0,"Pattern":"**","Depth":0}]}}